columna,row_excel,upc,valor_origen,valor_presente_en_salida,descartado,motivo_descarte
Color,4237,8056597903981,000003,NO,SI,accesorio
Color,4242,8056597904025,000003,NO,SI,accesorio
Color,4243,8056597904032,000004,NO,SI,accesorio
Color,4256,8056262326404,000003,NO,SI,accesorio
Color,4257,8056262326428,000005,NO,SI,accesorio
Color,4258,8056262326435,000006,NO,SI,accesorio
Color,4259,8056262326442,000007,NO,SI,accesorio
Color,4260,8056262326565,000003,NO,SI,accesorio
Color,4262,8056262326602,000003,NO,SI,accesorio
Color,4263,8056262326664,000003,NO,SI,accesorio
Color,4264,8056262326893,000003,NO,SI,accesorio
Color,5434,700285070124,000006,NO,SI,accesorio
Color,5435,888392095121,000007,NO,SI,accesorio
Color,5436,888392249753,000004,NO,SI,accesorio
Color,5437,888392249784,000008,NO,SI,accesorio
Color,5438,888392249777,000009,NO,SI,accesorio
Color,5439,888392249791,000010,NO,SI,accesorio
Color,5440,888392249821,000011,NO,SI,accesorio
Color,5441,888392249883,000012,NO,SI,accesorio
Color,5442,888392249814,000014,NO,SI,accesorio
Color,5443,888392249890,000015,NO,SI,accesorio
Color,5444,888392249906,000016,NO,SI,accesorio
Color,5445,700285519890,000008,NO,SI,accesorio
Color,5447,700285232607,000016,NO,SI,accesorio
Color,5449,888392326478,000068,NO,SI,accesorio
Color,5450,888392326461,000069,NO,SI,accesorio
Color,5451,888392315359,000070,NO,SI,accesorio
Color,5452,888392315342,000071,NO,SI,accesorio
Color,5453,888392288646,000072,NO,SI,accesorio
Color,5454,888392288639,000073,NO,SI,accesorio
Color,5455,888392315366,000074,NO,SI,accesorio
Color,5458,888392589668,000003,NO,SI,accesorio
Color,5459,888392589675,000004,NO,SI,accesorio
Color,5460,888392604118,000005,NO,SI,accesorio
Color,5461,888392604125,000006,NO,SI,accesorio
Color,5462,888392604132,000007,NO,SI,accesorio
Color,5465,888392589699,000003,NO,SI,accesorio
Color,5466,888392589712,000004,NO,SI,accesorio
Color,5467,888392604149,000005,NO,SI,accesorio
Color,5468,888392604156,000006,NO,SI,accesorio
Color,5469,888392604163,000007,NO,SI,accesorio
Color,5472,888392621177,000003,NO,SI,accesorio
Color,5475,888392375063,000003,NO,SI,accesorio
Color,5476,888392375070,000004,NO,SI,accesorio
Color,5477,888392375087,000005,NO,SI,accesorio
Color,5478,888392375094,000006,NO,SI,accesorio
Color,5484,888392592170,000004,NO,SI,accesorio
Color,5485,888392595898,000005,NO,SI,accesorio
Color,5486,888392595904,000006,NO,SI,accesorio
Color,5487,888392596994,000007,NO,SI,accesorio
Color,5488,888392597007,000008,NO,SI,accesorio
Color,5491,888392618238,000003,NO,SI,accesorio
Color,5494,888392485779,000003,NO,SI,accesorio
Color,5495,888392485786,000004,NO,SI,accesorio
Color,5496,888392485793,000005,NO,SI,accesorio
Color,5497,888392485809,000006,NO,SI,accesorio
Color,5498,888392485816,000007,NO,SI,accesorio
Color,5499,888392485823,000008,NO,SI,accesorio
Color,5500,888392485830,000009,NO,SI,accesorio
Color,5501,888392485861,000011,NO,SI,accesorio
Color,5502,888392485878,000012,NO,SI,accesorio
Color,5503,888392485885,000013,NO,SI,accesorio
Color,5504,888392485892,000014,NO,SI,accesorio
Color,5505,888392485908,000015,NO,SI,accesorio
Color,5506,888392485915,000016,NO,SI,accesorio
Color,5507,888392485922,000017,NO,SI,accesorio
Color,5508,888392485939,000018,NO,SI,accesorio
Color,5509,888392485946,000019,NO,SI,accesorio
Color,5510,888392485953,000020,NO,SI,accesorio
Color,5511,888392485960,000021,NO,SI,accesorio
Color,5512,888392485977,000022,NO,SI,accesorio
Color,5515,888392593399,000003,NO,SI,accesorio
Color,5518,888392154835,000003,NO,SI,accesorio
Color,5520,888392152077,000009,NO,SI,accesorio
Color,5521,700285297446,000011,NO,SI,accesorio
Color,5522,888392151995,000014,NO,SI,accesorio
Color,5523,888392154064,000016,NO,SI,accesorio
Color,5524,888392230690,000017,NO,SI,accesorio
Color,5525,888392152008,000019,NO,SI,accesorio
Color,5526,888392152947,000020,NO,SI,accesorio
Color,5527,888392150974,000025,NO,SI,accesorio
Color,5528,888392151988,000026,NO,SI,accesorio
Color,5529,888392230676,000028,NO,SI,accesorio
Color,5530,888392230652,000029,NO,SI,accesorio
Color,5531,888392230669,000032,NO,SI,accesorio
Color,5532,888392230768,000034,NO,SI,accesorio
Color,5533,888392230775,000035,NO,SI,accesorio
Color,5534,888392152084,000036,NO,SI,accesorio
Color,5535,888392152176,000043,NO,SI,accesorio
Color,5536,888392152015,000047,NO,SI,accesorio
Color,5537,888392152114,000048,NO,SI,accesorio
Color,5538,888392152022,000049,NO,SI,accesorio
Color,5539,888392152039,000051,NO,SI,accesorio
Color,5540,888392152190,000055,NO,SI,accesorio
Color,5541,888392153098,000056,NO,SI,accesorio
Color,5542,700285559612,000059,NO,SI,accesorio
Color,5543,888392231161,000064,NO,SI,accesorio
Color,5544,888392152107,000091,NO,SI,accesorio
Color,5545,888392152046,000092,NO,SI,accesorio
Color,5546,888392152053,000097,NO,SI,accesorio
Color,5547,700285700236,000099,NO,SI,accesorio
Color,5548,888392363268,000105,NO,SI,accesorio
Color,5549,888392363275,000106,NO,SI,accesorio
Color,5550,888392363282,000107,NO,SI,accesorio
Color,5551,888392363299,000108,NO,SI,accesorio
Color,5552,888392363305,000109,NO,SI,accesorio
Color,5553,888392363367,000115,NO,SI,accesorio
Color,5554,888392363374,000116,NO,SI,accesorio
Color,5555,888392363381,000117,NO,SI,accesorio
Color,5556,888392363398,000118,NO,SI,accesorio
Color,5557,888392363404,000119,NO,SI,accesorio
Color,5558,888392363411,000120,NO,SI,accesorio
Color,5559,888392363428,000121,NO,SI,accesorio
Color,5560,888392363572,000122,NO,SI,accesorio
Color,5561,888392662170,000159,NO,SI,accesorio
Color,5562,888392662187,000160,NO,SI,accesorio
Color,5563,888392662194,000161,NO,SI,accesorio
Color,5564,888392662200,000162,NO,SI,accesorio
Color,5565,888392662217,000163,NO,SI,accesorio
Color,5566,888392662224,000164,NO,SI,accesorio
Color,5567,700285065960,000004,NO,SI,accesorio
Color,5570,700285706887,000003,NO,SI,accesorio
Color,5571,888392279514,000017,NO,SI,accesorio
Color,5572,888392278951,000018,NO,SI,accesorio
Color,5573,888392278821,000019,NO,SI,accesorio
Color,5574,888392279538,000020,NO,SI,accesorio
Color,5575,888392279521,000021,NO,SI,accesorio
Color,5576,888392155955,000022,NO,SI,accesorio
Color,5577,888392278838,000023,NO,SI,accesorio
Color,5578,888392284266,000024,NO,SI,accesorio
Color,5579,888392284280,000026,NO,SI,accesorio
Color,5580,888392284273,000027,NO,SI,accesorio
Color,5581,888392395160,000051,NO,SI,accesorio
Color,5582,700285073460,000006,NO,SI,accesorio
Color,5583,700285070254,000013,NO,SI,accesorio
Color,5584,700285070056,000015,NO,SI,accesorio
Color,5585,700285809809,000019,NO,SI,accesorio
Color,5586,888392153234,000026,NO,SI,accesorio
Color,5588,700285135403,000003,NO,SI,accesorio
Color,5589,700285135366,000008,NO,SI,accesorio
Color,5590,700285099903,000009,NO,SI,accesorio
Color,5591,888392113221,000006,NO,SI,accesorio
Color,5592,888392109354,000007,NO,SI,accesorio
Color,5593,888392109361,000008,NO,SI,accesorio
Color,5594,888392109378,000009,NO,SI,accesorio
Color,5595,888392113238,000010,NO,SI,accesorio
Color,5596,888392109385,000011,NO,SI,accesorio
Color,5597,700285136448,000024,NO,SI,accesorio
Color,5598,700285136516,000025,NO,SI,accesorio
Color,5599,700285136424,000027,NO,SI,accesorio
Color,5600,700285137278,000031,NO,SI,accesorio
Color,5603,700285062112,000003,NO,SI,accesorio
Color,5604,700285062136,000004,NO,SI,accesorio
Color,5605,700285062129,000005,NO,SI,accesorio
Color,5606,700285519692,000007,NO,SI,accesorio
Color,5607,700285005355,000011,NO,SI,accesorio
Color,5608,888392109415,000049,NO,SI,accesorio
Color,5609,888392109446,000050,NO,SI,accesorio
Color,5610,888392109453,000051,NO,SI,accesorio
Color,5611,888392109460,000052,NO,SI,accesorio
Color,5612,888392113245,000064,NO,SI,accesorio
Color,5613,888392109439,000065,NO,SI,accesorio
Color,5614,888392113252,000066,NO,SI,accesorio
Color,5615,700285136554,000069,NO,SI,accesorio
Color,5616,700285136530,000070,NO,SI,accesorio
Color,5617,700285137322,000073,NO,SI,accesorio
Color,5618,700285137339,000081,NO,SI,accesorio
Color,5619,700285136622,000103,NO,SI,accesorio
Color,5622,888392426666,000003,NO,SI,accesorio
Color,5623,888392316288,000005,NO,SI,accesorio
Color,5624,888392316295,000006,NO,SI,accesorio
Color,5625,888392316325,000007,NO,SI,accesorio
Color,5626,888392316332,000008,NO,SI,accesorio
Color,5627,888392316363,000009,NO,SI,accesorio
Color,5628,888392316370,000010,NO,SI,accesorio
Color,5629,888392316301,000011,NO,SI,accesorio
Color,5630,888392316318,000012,NO,SI,accesorio
Color,5631,888392316349,000014,NO,SI,accesorio
Color,5632,888392316356,000015,NO,SI,accesorio
Color,5633,700285843940,000016,NO,SI,accesorio
Color,5634,700285595429,000022,NO,SI,accesorio
Color,5635,700285595436,000024,NO,SI,accesorio
Color,5636,700285595535,000042,NO,SI,accesorio
Color,5637,700285891538,000043,NO,SI,accesorio
Color,5638,700285891545,000044,NO,SI,accesorio
Color,5639,888392457264,000051,NO,SI,accesorio
Color,5641,700285135052,000003,NO,SI,accesorio
Color,5642,700285134994,000010,NO,SI,accesorio
Color,5643,700285122281,000011,NO,SI,accesorio
Color,5644,700285135236,000012,NO,SI,accesorio
Color,5645,888392427571,000020,NO,SI,accesorio
Color,5648,888392562890,000003,NO,SI,accesorio
Color,5649,888392562906,000004,NO,SI,accesorio
Color,5650,888392562913,000005,NO,SI,accesorio
Color,5651,888392562920,000006,NO,SI,accesorio
Color,5653,888392558602,000003,NO,SI,accesorio
Color,5654,888392558626,000005,NO,SI,accesorio
Color,5655,888392558633,000006,NO,SI,accesorio
Color,5656,888392558640,000007,NO,SI,accesorio
Color,5657,700285081250,000006,NO,SI,accesorio
Color,5660,700285151960,000007,NO,SI,accesorio
Color,5661,700285151977,000008,NO,SI,accesorio
Color,5662,700285112688,000026,NO,SI,accesorio
Color,5663,700285112718,000027,NO,SI,accesorio
Color,5664,700285112565,000024,NO,SI,accesorio
Color,5665,700285067063,000021,NO,SI,accesorio
Color,5666,700285067469,000023,NO,SI,accesorio
Color,5668,700285166407,000008,NO,SI,accesorio
Color,5672,700285417547,000003,NO,SI,accesorio
Color,5673,700285891002,000005,NO,SI,accesorio
Color,5674,700285417585,000008,NO,SI,accesorio
Color,5675,700285417592,000011,NO,SI,accesorio
Color,5676,700285417608,000012,NO,SI,accesorio
Color,5677,700285696966,000013,NO,SI,accesorio
Color,5678,700285417646,000019,NO,SI,accesorio
Color,5679,700285890999,000020,NO,SI,accesorio
Color,5680,700285417639,000022,NO,SI,accesorio
Color,5681,700285843841,000024,NO,SI,accesorio
Color,5682,700285843858,000025,NO,SI,accesorio
Color,5683,888392389640,000027,NO,SI,accesorio
Color,5684,888392389671,000028,NO,SI,accesorio
Color,5685,888392427618,000033,NO,SI,accesorio
Color,5688,888392581785,000004,NO,SI,accesorio
Color,5689,888392581792,000005,NO,SI,accesorio
Color,5690,888392581808,000006,NO,SI,accesorio
Color,5691,700285675008,000005,NO,SI,accesorio
Color,5692,700285674971,000006,NO,SI,accesorio
Color,5693,700285674995,000007,NO,SI,accesorio
Color,5694,888392151384,000009,NO,SI,accesorio
Color,5695,700285560724,000019,NO,SI,accesorio
Color,5696,700285560700,000021,NO,SI,accesorio
Color,5697,700285560717,000026,NO,SI,accesorio
Color,5698,700285464176,000028,NO,SI,accesorio
Color,5699,700285464152,000029,NO,SI,accesorio
Color,5700,700285464213,000030,NO,SI,accesorio
Color,5701,888392153111,000031,NO,SI,accesorio
Color,5702,888392153128,000032,NO,SI,accesorio
Color,5703,700285464121,000039,NO,SI,accesorio
Color,5704,700285464138,000040,NO,SI,accesorio
Color,5706,700285843827,000003,NO,SI,accesorio
Color,5707,700285524771,000005,NO,SI,accesorio
Color,5708,700285524764,000006,NO,SI,accesorio
Color,5709,888392146090,000008,NO,SI,accesorio
Color,5710,700285524818,000012,NO,SI,accesorio
Color,5711,700285843810,000021,NO,SI,accesorio
Color,5712,700285524849,000022,NO,SI,accesorio
Color,5713,888392146113,000023,NO,SI,accesorio
Color,5714,888392146083,000030,NO,SI,accesorio
Color,5715,888392247469,000031,NO,SI,accesorio
Color,5716,888392146120,000032,NO,SI,accesorio
Color,5717,888392389701,000033,NO,SI,accesorio
Color,5718,888392389718,000034,NO,SI,accesorio
Color,5721,888392313225,000006,NO,SI,accesorio
Color,5722,888392313232,000007,NO,SI,accesorio
Color,5723,888392313294,000008,NO,SI,accesorio
Color,5724,888392313300,000009,NO,SI,accesorio
Color,5725,888392313331,000010,NO,SI,accesorio
Color,5726,888392313348,000011,NO,SI,accesorio
Color,5727,888392313249,000012,NO,SI,accesorio
Color,5728,888392313256,000013,NO,SI,accesorio
Color,5729,888392313317,000016,NO,SI,accesorio
Color,5730,888392313324,000017,NO,SI,accesorio
Color,5731,700285480077,000018,NO,SI,accesorio
Color,5732,700285843902,000019,NO,SI,accesorio
Color,5733,700285677231,000020,NO,SI,accesorio
Color,5734,700285677255,000022,NO,SI,accesorio
Color,5735,700285891521,000025,NO,SI,accesorio
Color,5736,700285480022,000026,NO,SI,accesorio
Color,5737,888392262257,000036,NO,SI,accesorio
Color,5738,700285891255,000042,NO,SI,accesorio
Color,5739,700285480053,000043,NO,SI,accesorio
Color,5740,888392262295,000048,NO,SI,accesorio
Color,5743,888392581839,000003,NO,SI,accesorio
Color,5744,888392581846,000004,NO,SI,accesorio
Color,5746,888392577573,000003,NO,SI,accesorio
Color,5747,888392577580,000004,NO,SI,accesorio
Color,5748,888392577597,000005,NO,SI,accesorio
Color,5749,888392577603,000006,NO,SI,accesorio
Color,5750,888392577610,000007,NO,SI,accesorio
Color,5751,888392577627,000008,NO,SI,accesorio
Color,5752,700285782416,000012,NO,SI,accesorio
Color,5753,700285602967,000014,NO,SI,accesorio
Color,5755,888392151827,000007,NO,SI,accesorio
Color,5756,700285062006,000009,NO,SI,accesorio
Color,5757,888392216779,000013,NO,SI,accesorio
Color,5758,888392155054,000014,NO,SI,accesorio
Color,5759,700285605463,000015,NO,SI,accesorio
Color,5760,700285605517,000016,NO,SI,accesorio
Color,5761,700285605470,000017,NO,SI,accesorio
Color,5762,888392155153,000018,NO,SI,accesorio
Color,5763,888392155160,000019,NO,SI,accesorio
Color,5764,888392155146,000020,NO,SI,accesorio
Color,5765,888392155061,000021,NO,SI,accesorio
Color,5768,888392109781,000003,NO,SI,accesorio
Color,5769,888392109798,000004,NO,SI,accesorio
Color,5770,888392109767,000006,NO,SI,accesorio
Color,5771,888392109743,000007,NO,SI,accesorio
Color,5772,888392109774,000008,NO,SI,accesorio
Color,5773,700285604060,000010,NO,SI,accesorio
Color,5774,700285604077,000012,NO,SI,accesorio
Color,5775,700285632148,000014,NO,SI,accesorio
Color,5776,888392144478,000042,NO,SI,accesorio
Color,5777,888392458667,000053,NO,SI,accesorio
Color,5778,888392362681,000089,NO,SI,accesorio
Color,5779,888392362698,000090,NO,SI,accesorio
Color,5780,888392362704,000091,NO,SI,accesorio
Color,5781,888392362711,000092,NO,SI,accesorio
Color,5782,888392362735,000094,NO,SI,accesorio
Color,5783,888392362759,000096,NO,SI,accesorio
Color,5784,888392362773,000099,NO,SI,accesorio
Color,5785,888392362797,000101,NO,SI,accesorio
Color,5786,700285841755,000007,NO,SI,accesorio
Color,5787,700285841762,000008,NO,SI,accesorio
Color,5790,888392596529,000003,NO,SI,accesorio
Color,5791,888392596536,000004,NO,SI,accesorio
Color,5792,888392596543,000005,NO,SI,accesorio
Color,5793,888392109804,000004,NO,SI,accesorio
Color,5794,888392109835,000005,NO,SI,accesorio
Color,5795,888392109866,000006,NO,SI,accesorio
Color,5796,888392109873,000007,NO,SI,accesorio
Color,5797,888392109828,000008,NO,SI,accesorio
Color,5798,888392109842,000010,NO,SI,accesorio
Color,5799,700285604176,000013,NO,SI,accesorio
Color,5800,700285632247,000015,NO,SI,accesorio
Color,5801,700285632254,000016,NO,SI,accesorio
Color,5802,888392362810,000043,NO,SI,accesorio
Color,5803,888392362827,000044,NO,SI,accesorio
Color,5804,888392362841,000046,NO,SI,accesorio
Color,5805,888392362865,000048,NO,SI,accesorio
Color,5806,888392362889,000050,NO,SI,accesorio
Color,5807,888392362902,000052,NO,SI,accesorio
Color,5808,888392362988,000054,NO,SI,accesorio
Color,5809,700285666983,000019,NO,SI,accesorio
Color,5810,888392123473,000025,NO,SI,accesorio
Color,5811,888392123480,000026,NO,SI,accesorio
Color,5812,888392151896,000007,NO,SI,accesorio
Color,5813,888392155085,000008,NO,SI,accesorio
Color,5814,888392155092,000011,NO,SI,accesorio
Color,5815,700285605548,000013,NO,SI,accesorio
Color,5816,888392216786,000014,NO,SI,accesorio
Color,5817,888392155108,000015,NO,SI,accesorio
Color,5818,888392216793,000016,NO,SI,accesorio
Color,5819,888392155078,000017,NO,SI,accesorio
Color,5822,888392110480,000003,NO,SI,accesorio
Color,5823,888392110497,000004,NO,SI,accesorio
Color,5824,888392307507,000016,NO,SI,accesorio
Color,5825,888392307514,000017,NO,SI,accesorio
Color,5826,888392110466,000022,NO,SI,accesorio
Color,5827,888392110442,000023,NO,SI,accesorio
Color,5828,888392307576,000027,NO,SI,accesorio
Color,5829,888392307590,000028,NO,SI,accesorio
Color,5830,888392307736,000030,NO,SI,accesorio
Color,5831,888392308177,000031,NO,SI,accesorio
Color,5832,888392307545,000032,NO,SI,accesorio
Color,5833,888392307552,000033,NO,SI,accesorio
Color,5834,888392110473,000035,NO,SI,accesorio
Color,5835,700285605098,000042,NO,SI,accesorio
Color,5836,700285605104,000044,NO,SI,accesorio
Color,5837,700285605111,000046,NO,SI,accesorio
Color,5838,700285605128,000047,NO,SI,accesorio
Color,5839,700285635101,000048,NO,SI,accesorio
Color,5840,888392145055,000068,NO,SI,accesorio
Color,5841,888392145017,000069,NO,SI,accesorio
Color,5844,888392110503,000079,NO,SI,accesorio
Color,5845,888392110534,000080,NO,SI,accesorio
Color,5846,888392110565,000081,NO,SI,accesorio
Color,5847,888392110572,000082,NO,SI,accesorio
Color,5848,888392308252,000094,NO,SI,accesorio
Color,5849,888392110541,000099,NO,SI,accesorio
Color,5850,888392110527,000100,NO,SI,accesorio
Color,5851,888392110558,000103,NO,SI,accesorio
Color,5852,700285605241,000109,NO,SI,accesorio
Color,5853,700285635156,000111,NO,SI,accesorio
Color,5854,700285635170,000114,NO,SI,accesorio
Color,5855,700285605296,000117,NO,SI,accesorio
Color,5858,888392345233,000004,NO,SI,accesorio
Color,5859,888392150745,000005,NO,SI,accesorio
Color,5860,888392345240,000006,NO,SI,accesorio
Color,5861,888392150752,000008,NO,SI,accesorio
Color,5862,888392150806,000009,NO,SI,accesorio
Color,5863,888392150738,000010,NO,SI,accesorio
Color,5864,888392150813,000011,NO,SI,accesorio
Color,5865,888392150769,000012,NO,SI,accesorio
Color,5866,888392150721,000013,NO,SI,accesorio
Color,5867,888392150790,000014,NO,SI,accesorio
Color,5868,888392442246,000011,NO,SI,accesorio
Color,5869,888392461483,000012,NO,SI,accesorio
Color,5870,888392109620,000047,NO,SI,accesorio
Color,5871,888392109675,000048,NO,SI,accesorio
Color,5872,888392109644,000049,NO,SI,accesorio
Color,5873,888392109668,000050,NO,SI,accesorio
Color,5874,888392109699,000051,NO,SI,accesorio
Color,5875,888392109682,000052,NO,SI,accesorio
Color,5876,888392109705,000053,NO,SI,accesorio
Color,5877,888392306715,000055,NO,SI,accesorio
Color,5878,888392306777,000062,NO,SI,accesorio
Color,5879,888392306814,000063,NO,SI,accesorio
Color,5880,888392306821,000064,NO,SI,accesorio
Color,5881,888392337115,000065,NO,SI,accesorio
Color,5882,888392306906,000067,NO,SI,accesorio
Color,5883,888392306937,000068,NO,SI,accesorio
Color,5884,888392306791,000069,NO,SI,accesorio
Color,5885,888392306807,000070,NO,SI,accesorio
Color,5886,888392306845,000074,NO,SI,accesorio
Color,5887,888392337245,000075,NO,SI,accesorio
Color,5888,888392132468,000076,NO,SI,accesorio
Color,5889,888392126481,000080,NO,SI,accesorio
Color,5890,888392126511,000081,NO,SI,accesorio
Color,5891,888392126542,000084,NO,SI,accesorio
Color,5892,888392163608,000098,NO,SI,accesorio
Color,5893,888392306722,000100,NO,SI,accesorio
Color,5894,888392364838,000101,NO,SI,accesorio
Color,5896,888392110121,000003,NO,SI,accesorio
Color,5897,888392308689,000006,NO,SI,accesorio
Color,5898,888392308696,000007,NO,SI,accesorio
Color,5899,888392110107,000011,NO,SI,accesorio
Color,5900,888392110084,000012,NO,SI,accesorio
Color,5901,888392308757,000022,NO,SI,accesorio
Color,5902,888392308795,000025,NO,SI,accesorio
Color,5903,888392308801,000026,NO,SI,accesorio
Color,5904,888392011497,000028,NO,SI,accesorio
Color,5905,888392143372,000040,NO,SI,accesorio
Color,5906,888392152633,000003,NO,SI,accesorio
Color,5907,700285912530,000006,NO,SI,accesorio
Color,5908,888392155184,000009,NO,SI,accesorio
Color,5910,888392150820,000008,NO,SI,accesorio
Color,5911,888392345202,000010,NO,SI,accesorio
Color,5912,888392150851,000011,NO,SI,accesorio
Color,5913,888392345219,000012,NO,SI,accesorio
Color,5914,888392150868,000014,NO,SI,accesorio
Color,5915,888392153791,000015,NO,SI,accesorio
Color,5916,888392150844,000016,NO,SI,accesorio
Color,5917,888392345196,000017,NO,SI,accesorio
Color,5918,888392153807,000018,NO,SI,accesorio
Color,5919,888392150875,000019,NO,SI,accesorio
Color,5920,888392150837,000020,NO,SI,accesorio
Color,5921,888392153784,000021,NO,SI,accesorio
Color,5922,888392110268,000013,NO,SI,accesorio
Color,5923,888392110305,000014,NO,SI,accesorio
Color,5924,888392110299,000015,NO,SI,accesorio
Color,5925,888392110329,000016,NO,SI,accesorio
Color,5926,888392110312,000017,NO,SI,accesorio
Color,5927,888392110336,000018,NO,SI,accesorio
Color,5928,888392110282,000019,NO,SI,accesorio
Color,5929,888392337283,000020,NO,SI,accesorio
Color,5930,888392306944,000021,NO,SI,accesorio
Color,5931,888392306951,000022,NO,SI,accesorio
Color,5932,888392394125,000024,NO,SI,accesorio
Color,5933,888392307002,000029,NO,SI,accesorio
Color,5934,888392307019,000030,NO,SI,accesorio
Color,5935,888392337153,000031,NO,SI,accesorio
Color,5936,888392307071,000032,NO,SI,accesorio
Color,5937,888392307095,000033,NO,SI,accesorio
Color,5938,888392306982,000034,NO,SI,accesorio
Color,5939,888392306999,000035,NO,SI,accesorio
Color,5940,888392126702,000046,NO,SI,accesorio
Color,5941,888392163615,000059,NO,SI,accesorio
Color,5942,888392442741,000074,NO,SI,accesorio
Color,5943,888392364845,000117,NO,SI,accesorio
Color,5944,888392364852,000064,NO,SI,accesorio
Color,5945,888392110343,000065,NO,SI,accesorio
Color,5946,888392110404,000067,NO,SI,accesorio
Color,5947,888392110411,000068,NO,SI,accesorio
Color,5948,888392307064,000072,NO,SI,accesorio
Color,5949,888392307088,000073,NO,SI,accesorio
Color,5950,888392110381,000077,NO,SI,accesorio
Color,5951,888392110367,000078,NO,SI,accesorio
Color,5952,888392307187,000082,NO,SI,accesorio
Color,5953,888392307200,000083,NO,SI,accesorio
Color,5954,888392337146,000084,NO,SI,accesorio
Color,5955,888392307293,000086,NO,SI,accesorio
Color,5956,888392307316,000087,NO,SI,accesorio
Color,5957,888392307149,000088,NO,SI,accesorio
Color,5958,888392307163,000089,NO,SI,accesorio
Color,5959,888392110398,000091,NO,SI,accesorio
Color,5960,888392250001,000095,NO,SI,accesorio
Color,5961,888392140883,000097,NO,SI,accesorio
Color,5962,888392126740,000100,NO,SI,accesorio
Color,5963,888392126764,000102,NO,SI,accesorio
Color,5964,888392126757,000104,NO,SI,accesorio
Color,5965,700285890845,000003,NO,SI,accesorio
Color,5966,700285890876,000006,NO,SI,accesorio
Color,5967,888392152756,000007,NO,SI,accesorio
Color,5968,888392152718,000009,NO,SI,accesorio
Color,5969,700285890906,000010,NO,SI,accesorio
Color,5970,888392152688,000011,NO,SI,accesorio
Color,5972,888392110022,000003,NO,SI,accesorio
Color,5973,888392110008,000004,NO,SI,accesorio
Color,5974,888392110046,000006,NO,SI,accesorio
Color,5975,888392110039,000007,NO,SI,accesorio
Color,5976,888392110053,000008,NO,SI,accesorio
Color,5977,888392308306,000009,NO,SI,accesorio
Color,5978,888392308320,000010,NO,SI,accesorio
Color,5979,888392308542,000020,NO,SI,accesorio
Color,5980,888392308597,000022,NO,SI,accesorio
Color,5981,888392308603,000023,NO,SI,accesorio
Color,5982,888392308405,000024,NO,SI,accesorio
Color,5983,888392308504,000025,NO,SI,accesorio
Color,5984,888392104458,000037,NO,SI,accesorio
Color,5989,700285111339,000005,NO,SI,accesorio
Color,5990,888392345578,000006,NO,SI,accesorio
Color,5991,888392345561,000007,NO,SI,accesorio
Color,5992,888392345554,000008,NO,SI,accesorio
Color,5995,888392577658,000003,NO,SI,accesorio
Color,5996,888392577665,000004,NO,SI,accesorio
Color,5997,888392577696,000005,NO,SI,accesorio
Color,5998,888392577702,000006,NO,SI,accesorio
Color,6001,888392596444,000003,NO,SI,accesorio
Color,6002,888392596451,000004,NO,SI,accesorio
Color,6005,888392596482,000003,NO,SI,accesorio
Color,6006,888392596499,000004,NO,SI,accesorio
Color,6009,888392592569,000003,NO,SI,accesorio
Color,6010,888392592576,000004,NO,SI,accesorio
Color,6011,888392592583,000005,NO,SI,accesorio
Color,6012,888392592590,000006,NO,SI,accesorio
Color,6015,888392605658,000003,NO,SI,accesorio
Color,6016,888392605665,000004,NO,SI,accesorio
Color,6017,888392605672,000005,NO,SI,accesorio
Color,6018,888392605689,000006,NO,SI,accesorio
Color,6019,888392605696,000007,NO,SI,accesorio
Color,6024,888392606440,000003,NO,SI,accesorio
Color,6025,888392606457,000004,NO,SI,accesorio
Color,6026,888392606464,000005,NO,SI,accesorio
Color,6027,888392606471,000006,NO,SI,accesorio
Color,6030,888392606495,000003,NO,SI,accesorio
Color,6031,888392606792,000004,NO,SI,accesorio
Color,6032,888392606808,000005,NO,SI,accesorio
Color,6033,888392606815,000006,NO,SI,accesorio
Color,6036,888392606846,000003,NO,SI,accesorio
Color,6037,888392606853,000004,NO,SI,accesorio
Color,6038,888392606860,000005,NO,SI,accesorio
Color,6039,888392606877,000006,NO,SI,accesorio
Color,6040,888392606884,000007,NO,SI,accesorio
Color,6043,888392314413,000006,NO,SI,accesorio
Color,6044,888392314451,000008,NO,SI,accesorio
Color,6045,888392314499,000010,NO,SI,accesorio
Color,6046,888392314505,000011,NO,SI,accesorio
Color,6047,888392314437,000012,NO,SI,accesorio
Color,6048,888392314444,000013,NO,SI,accesorio
Color,6049,888392163257,000023,NO,SI,accesorio
Color,6050,888392123312,000041,NO,SI,accesorio
Color,6053,888392312846,000008,NO,SI,accesorio
Color,6054,888392312877,000009,NO,SI,accesorio
Color,6055,888392312884,000010,NO,SI,accesorio
Color,6056,888392312914,000012,NO,SI,accesorio
Color,6057,888392312921,000013,NO,SI,accesorio
Color,6058,888392312853,000014,NO,SI,accesorio
Color,6059,888392312860,000015,NO,SI,accesorio
Color,6060,888392312907,000019,NO,SI,accesorio
Color,6061,888392126849,000032,NO,SI,accesorio
Color,6062,888392261717,000034,NO,SI,accesorio
Color,6063,888392126856,000036,NO,SI,accesorio
Color,6066,888392429902,000004,NO,SI,accesorio
Color,6067,888392429926,000005,NO,SI,accesorio
Color,6068,888392314086,000009,NO,SI,accesorio
Color,6069,888392314123,000011,NO,SI,accesorio
Color,6070,888392314055,000012,NO,SI,accesorio
Color,6071,888392314062,000013,NO,SI,accesorio
Color,6072,888392429964,000015,NO,SI,accesorio
Color,6073,888392314093,000016,NO,SI,accesorio
Color,6074,888392141392,000031,NO,SI,accesorio
Color,6075,888392262691,000032,NO,SI,accesorio
Color,6076,888392262646,000034,NO,SI,accesorio
Color,6077,888392262639,000035,NO,SI,accesorio
Color,6078,888392429988,000046,NO,SI,accesorio
Color,6079,888392430007,000047,NO,SI,accesorio
Color,6082,888392316585,000003,NO,SI,accesorio
Color,6083,888392316592,000004,NO,SI,accesorio
Color,6084,888392316622,000005,NO,SI,accesorio
Color,6085,888392316639,000006,NO,SI,accesorio
Color,6086,888392316660,000007,NO,SI,accesorio
Color,6087,888392316677,000008,NO,SI,accesorio
Color,6088,888392316608,000009,NO,SI,accesorio
Color,6089,888392316615,000010,NO,SI,accesorio
Color,6090,888392316646,000011,NO,SI,accesorio
Color,6091,888392316653,000012,NO,SI,accesorio
Color,6092,888392426154,000037,NO,SI,accesorio
Color,6093,888392141514,000005,NO,SI,accesorio
Color,6096,888392155016,000003,NO,SI,accesorio
Color,6097,888392154996,000004,NO,SI,accesorio
Color,6098,888392154989,000005,NO,SI,accesorio
Color,6099,888392155023,000006,NO,SI,accesorio
Color,6102,888392311009,000003,NO,SI,accesorio
Color,6103,888392311016,000004,NO,SI,accesorio
Color,6104,888392311047,000005,NO,SI,accesorio
Color,6105,888392311054,000006,NO,SI,accesorio
Color,6106,888392311085,000007,NO,SI,accesorio
Color,6107,888392311092,000008,NO,SI,accesorio
Color,6108,888392311023,000009,NO,SI,accesorio
Color,6109,888392311030,000010,NO,SI,accesorio
Color,6110,888392311061,000011,NO,SI,accesorio
Color,6111,888392140487,000017,NO,SI,accesorio
Color,6112,888392140449,000019,NO,SI,accesorio
Color,6113,888392181268,000021,NO,SI,accesorio
Color,6114,888392181275,000022,NO,SI,accesorio
Color,6115,888392140470,000025,NO,SI,accesorio
Color,6116,888392181299,000026,NO,SI,accesorio
Color,6117,888392217004,000031,NO,SI,accesorio
Color,6118,888392140548,000020,NO,SI,accesorio
Color,6119,888392140517,000021,NO,SI,accesorio
Color,6120,888392140531,000022,NO,SI,accesorio
Color,6121,888392181343,000024,NO,SI,accesorio
Color,6122,888392181305,000031,NO,SI,accesorio
Color,6123,888392181312,000032,NO,SI,accesorio
Color,6124,888392181329,000033,NO,SI,accesorio
Color,6127,888392605757,000004,NO,SI,accesorio
Color,6128,888392606402,000006,NO,SI,accesorio
Color,6131,888392611154,000003,NO,SI,accesorio
Color,6132,888392611161,000004,NO,SI,accesorio
Color,6133,888392611178,000005,NO,SI,accesorio
Color,6134,888392611185,000006,NO,SI,accesorio
Color,6135,888392612281,000007,NO,SI,accesorio
Color,6136,888392612298,000008,NO,SI,accesorio
Color,6139,888392662774,000004,NO,SI,accesorio
Color,6140,888392662781,000005,NO,SI,accesorio
Color,6141,888392662798,000006,NO,SI,accesorio
Color,6144,888392611086,000003,NO,SI,accesorio
Color,6145,888392611093,000004,NO,SI,accesorio
Color,6146,888392611109,000005,NO,SI,accesorio
Color,6147,888392611116,000006,NO,SI,accesorio
Color,6148,888392611123,000007,NO,SI,accesorio
Color,6151,888392611772,000003,NO,SI,accesorio
Color,6152,888392612366,000004,NO,SI,accesorio
Color,6153,888392109897,000003,NO,SI,accesorio
Color,6154,888392109965,000006,NO,SI,accesorio
Color,6155,888392109972,000008,NO,SI,accesorio
Color,6156,888392337252,000009,NO,SI,accesorio
Color,6157,888392308061,000010,NO,SI,accesorio
Color,6158,888392308047,000011,NO,SI,accesorio
Color,6159,888392307996,000012,NO,SI,accesorio
Color,6160,888392308009,000013,NO,SI,accesorio
Color,6161,888392442840,000015,NO,SI,accesorio
Color,6162,888392308016,000017,NO,SI,accesorio
Color,6163,888392308023,000018,NO,SI,accesorio
Color,6164,888392308054,000019,NO,SI,accesorio
Color,6165,888392337122,000020,NO,SI,accesorio
Color,6166,888392308115,000022,NO,SI,accesorio
Color,6167,888392308122,000023,NO,SI,accesorio
Color,6168,888392308030,000024,NO,SI,accesorio
Color,6169,888392308160,000025,NO,SI,accesorio
Color,6170,888392126566,000030,NO,SI,accesorio
Color,6171,888392126634,000033,NO,SI,accesorio
Color,6172,888392180186,000042,NO,SI,accesorio
Color,6173,888392163592,000045,NO,SI,accesorio
Color,6175,888392109569,000003,NO,SI,accesorio
Color,6176,888392109521,000004,NO,SI,accesorio
Color,6177,888392109538,000005,NO,SI,accesorio
Color,6178,888392109583,000006,NO,SI,accesorio
Color,6179,888392109576,000007,NO,SI,accesorio
Color,6180,888392109590,000008,NO,SI,accesorio
Color,6181,888392306654,000009,NO,SI,accesorio
Color,6182,888392306661,000010,NO,SI,accesorio
Color,6183,888392306739,000016,NO,SI,accesorio
Color,6184,888392306746,000017,NO,SI,accesorio
Color,6185,888392306890,000018,NO,SI,accesorio
Color,6186,888392306913,000019,NO,SI,accesorio
Color,6187,888392306692,000020,NO,SI,accesorio
Color,6188,888392306708,000021,NO,SI,accesorio
Color,6189,888392126771,000027,NO,SI,accesorio
Color,6190,888392126818,000028,NO,SI,accesorio
Color,6191,888392173997,000030,NO,SI,accesorio
Color,6192,888392126832,000031,NO,SI,accesorio
Color,6193,888392174062,000042,NO,SI,accesorio
Color,6196,888392313072,000009,NO,SI,accesorio
Color,6197,888392313089,000010,NO,SI,accesorio
Color,6198,888392313119,000012,NO,SI,accesorio
Color,6199,888392313126,000013,NO,SI,accesorio
Color,6200,888392313058,000014,NO,SI,accesorio
Color,6201,888392313065,000015,NO,SI,accesorio
Color,6202,888392235183,000020,NO,SI,accesorio
Color,6203,888392235268,000038,NO,SI,accesorio
Color,6204,888392261892,000039,NO,SI,accesorio
Color,6208,888392314260,000009,NO,SI,accesorio
Color,6209,888392314277,000010,NO,SI,accesorio
Color,6210,888392314314,000013,NO,SI,accesorio
Color,6211,888392314246,000014,NO,SI,accesorio
Color,6212,888392262813,000021,NO,SI,accesorio
Color,6213,888392262745,000029,NO,SI,accesorio
Color,6214,888392263087,000034,NO,SI,accesorio
Color,6215,888392263070,000035,NO,SI,accesorio
Color,6216,888392263131,000043,NO,SI,accesorio
Color,6217,888392263124,000044,NO,SI,accesorio
Color,6219,888392348999,000009,NO,SI,accesorio
Color,6220,888392349064,000010,NO,SI,accesorio
Color,6221,888392220639,000018,NO,SI,accesorio
Color,6223,888392181398,000003,NO,SI,accesorio
Color,6224,888392181374,000004,NO,SI,accesorio
Color,6225,888392181381,000005,NO,SI,accesorio
Color,6226,888392181411,000006,NO,SI,accesorio
Color,6227,888392181404,000007,NO,SI,accesorio
Color,6228,888392181428,000008,NO,SI,accesorio
Color,6229,888392307569,000009,NO,SI,accesorio
Color,6230,888392307583,000010,NO,SI,accesorio
Color,6231,888392307750,000019,NO,SI,accesorio
Color,6232,888392307767,000020,NO,SI,accesorio
Color,6233,888392307873,000022,NO,SI,accesorio
Color,6234,888392307880,000023,NO,SI,accesorio
Color,6235,888392307651,000024,NO,SI,accesorio
Color,6236,888392307743,000025,NO,SI,accesorio
Color,6237,888392181497,000038,NO,SI,accesorio
Color,6238,888392181725,000039,NO,SI,accesorio
Color,6239,888392221100,000006,NO,SI,accesorio
Color,6240,888392224378,000015,NO,SI,accesorio
Color,6241,888392316042,000011,NO,SI,accesorio
Color,6242,888392267405,000040,NO,SI,accesorio
Color,6246,888392285324,000003,NO,SI,accesorio
Color,6247,888392284983,000004,NO,SI,accesorio
Color,6248,888392306104,000008,NO,SI,accesorio
Color,6249,888392322883,000015,NO,SI,accesorio
Color,6250,888392322777,000016,NO,SI,accesorio
Color,6251,888392322876,000020,NO,SI,accesorio
Color,6252,888392322913,000025,NO,SI,accesorio
Color,6253,888392322807,000028,NO,SI,accesorio
Color,6255,888392306203,000003,NO,SI,accesorio
Color,6257,888392339102,000003,NO,SI,accesorio
Color,6258,888392339027,000005,NO,SI,accesorio
Color,6259,888392339041,000007,NO,SI,accesorio
Color,6260,888392339065,000010,NO,SI,accesorio
Color,6261,888392339089,000011,NO,SI,accesorio
Color,6262,888392339003,000013,NO,SI,accesorio
Color,6263,888392426680,000014,NO,SI,accesorio
Color,6267,888392322654,000031,NO,SI,accesorio
Color,6268,888392322609,000035,NO,SI,accesorio
Color,6269,888392339515,000004,NO,SI,accesorio
Color,6270,888392339539,000007,NO,SI,accesorio
Color,6273,888392621986,000003,NO,SI,accesorio
Color,6274,888392622006,000004,NO,SI,accesorio
Color,6275,888392622020,000005,NO,SI,accesorio
Color,6276,888392622044,000006,NO,SI,accesorio
Color,6277,888392622068,000007,NO,SI,accesorio
Color,6278,888392622082,000008,NO,SI,accesorio
Color,6279,888392622105,000009,NO,SI,accesorio
Color,6280,888392622129,000010,NO,SI,accesorio
Color,6281,888392622143,000011,NO,SI,accesorio
Color,6282,888392622167,000012,NO,SI,accesorio
Color,6285,888392348067,000011,NO,SI,accesorio
Color,6286,888392348029,000012,NO,SI,accesorio
Color,6287,888392347954,000016,NO,SI,accesorio
Color,6288,888392348036,000018,NO,SI,accesorio
Color,6289,888392442833,000021,NO,SI,accesorio
Color,6292,888392622310,000003,NO,SI,accesorio
Color,6293,888392622334,000004,NO,SI,accesorio
Color,6294,888392622358,000005,NO,SI,accesorio
Color,6295,888392622372,000006,NO,SI,accesorio
Color,6296,888392622402,000007,NO,SI,accesorio
Color,6297,888392622426,000008,NO,SI,accesorio
Color,6298,888392622440,000009,NO,SI,accesorio
Color,6299,888392622464,000010,NO,SI,accesorio
Color,6300,888392622488,000011,NO,SI,accesorio
Color,6303,888392622242,000003,NO,SI,accesorio
Color,6304,888392622266,000004,NO,SI,accesorio
Color,6307,888392404923,000003,NO,SI,accesorio
Color,6308,888392404930,000004,NO,SI,accesorio
Color,6309,888392404947,000005,NO,SI,accesorio
Color,6310,888392404954,000006,NO,SI,accesorio
Color,6311,888392404961,000007,NO,SI,accesorio
Color,6312,888392404978,000008,NO,SI,accesorio
Color,6313,888392404985,000009,NO,SI,accesorio
Color,6314,888392404992,000010,NO,SI,accesorio
Color,6315,888392405302,000011,NO,SI,accesorio
Color,6316,888392410054,000012,NO,SI,accesorio
Color,6317,888392622570,000013,NO,SI,accesorio
Color,6318,888392622587,000014,NO,SI,accesorio
Color,6319,888392622594,000015,NO,SI,accesorio
Color,6320,888392622600,000016,NO,SI,accesorio
Color,6321,888392622617,000017,NO,SI,accesorio
Color,6322,888392622624,000018,NO,SI,accesorio
Color,6323,888392622631,000019,NO,SI,accesorio
Color,6324,888392349330,000011,NO,SI,accesorio
Color,6327,888392662927,000004,NO,SI,accesorio
Color,6328,888392662941,000006,NO,SI,accesorio
Color,6329,888392662958,000007,NO,SI,accesorio
Color,6331,888392358776,000006,NO,SI,accesorio
Color,6332,888392358790,000008,NO,SI,accesorio
Color,6333,888392358813,000010,NO,SI,accesorio
Color,6334,888392358837,000012,NO,SI,accesorio
Color,6335,888392358851,000014,NO,SI,accesorio
Color,6336,888392358868,000015,NO,SI,accesorio
Color,6337,888392358875,000016,NO,SI,accesorio
Color,6340,888392339461,000003,NO,SI,accesorio
Color,6341,888392339447,000004,NO,SI,accesorio
Color,6342,888392339294,000005,NO,SI,accesorio
Color,6343,888392339331,000006,NO,SI,accesorio
Color,6344,888392339430,000007,NO,SI,accesorio
Color,6345,888392339423,000008,NO,SI,accesorio
Color,6346,888392339355,000009,NO,SI,accesorio
Color,6347,888392339348,000010,NO,SI,accesorio
Color,6348,888392339324,000011,NO,SI,accesorio
Color,6349,888392339379,000012,NO,SI,accesorio
Color,6350,888392339362,000013,NO,SI,accesorio
Color,6351,888392339300,000014,NO,SI,accesorio
Color,6352,888392339317,000015,NO,SI,accesorio
Color,6353,888392339416,000016,NO,SI,accesorio
Color,6354,888392339409,000017,NO,SI,accesorio
Color,6356,888392259875,000004,NO,SI,accesorio
Color,6357,888392409782,000007,NO,SI,accesorio
Color,6358,888392409829,000011,NO,SI,accesorio
Color,6359,888392409843,000013,NO,SI,accesorio
Color,6362,888392662842,000003,NO,SI,accesorio
Color,6363,888392662859,000004,NO,SI,accesorio
Color,6364,888392662866,000005,NO,SI,accesorio
Color,6365,888392662873,000006,NO,SI,accesorio
Color,6366,888392662880,000007,NO,SI,accesorio
Color,6369,888392661890,000003,NO,SI,accesorio
Color,6370,888392661906,000004,NO,SI,accesorio
Color,6371,888392661913,000005,NO,SI,accesorio
Color,6372,888392661920,000006,NO,SI,accesorio
Color,6373,888392661937,000007,NO,SI,accesorio
Color,6374,888392661944,000008,NO,SI,accesorio
Color,6375,888392661951,000009,NO,SI,accesorio
Color,6376,888392426086,000005,NO,SI,accesorio
Color,6377,888392426161,000008,NO,SI,accesorio
Color,6380,888392668196,000003,NO,SI,accesorio
Color,6381,888392668202,000004,NO,SI,accesorio
Color,6382,888392668219,000005,NO,SI,accesorio
Color,6383,888392668226,000006,NO,SI,accesorio
Color,6386,888392436078,000003,NO,SI,accesorio
Color,6387,888392436085,000004,NO,SI,accesorio
Color,6388,888392436092,000005,NO,SI,accesorio
Color,6389,888392436108,000006,NO,SI,accesorio
Color,6390,888392436115,000007,NO,SI,accesorio
Color,6391,888392436160,000008,NO,SI,accesorio
Color,6392,888392436177,000009,NO,SI,accesorio
Color,6393,888392441522,000010,NO,SI,accesorio
Color,6394,888392592699,000007,NO,SI,accesorio
Color,6395,888392592798,000008,NO,SI,accesorio
Color,6396,888392592859,000010,NO,SI,accesorio
Color,6397,888392592873,000011,NO,SI,accesorio
Color,6398,888392592897,000012,NO,SI,accesorio
Color,6399,888392473981,000004,NO,SI,accesorio
Color,6401,888392534408,000003,NO,SI,accesorio
Color,6402,888392534415,000004,NO,SI,accesorio
Color,6403,888392534422,000005,NO,SI,accesorio
Color,6404,888392622761,000006,NO,SI,accesorio
Color,6405,888392622778,000007,NO,SI,accesorio
Color,6406,888392622785,000008,NO,SI,accesorio
Color,6407,888392622792,000009,NO,SI,accesorio
Color,6408,888392622808,000010,NO,SI,accesorio
Color,6409,888392622815,000011,NO,SI,accesorio
Color,6410,888392622822,000012,NO,SI,accesorio
Color,6413,888392532718,000003,NO,SI,accesorio
Color,6414,888392532725,000004,NO,SI,accesorio
Color,6415,888392532732,000005,NO,SI,accesorio
Color,6416,888392532749,000006,NO,SI,accesorio
Color,6417,888392622648,000007,NO,SI,accesorio
Color,6418,888392622655,000008,NO,SI,accesorio
Color,6419,888392622662,000009,NO,SI,accesorio
Color,6420,888392622679,000010,NO,SI,accesorio
Color,6421,888392622686,000011,NO,SI,accesorio
Color,6422,888392622693,000012,NO,SI,accesorio
Color,6423,888392622709,000013,NO,SI,accesorio
Color,6428,888392564900,000003,NO,SI,accesorio
Color,6429,888392564894,000003,NO,SI,accesorio
Color,6430,888392564924,000004,NO,SI,accesorio
Color,6431,888392564917,000004,NO,SI,accesorio
Color,6432,888392564931,000005,NO,SI,accesorio
Color,6433,888392564962,000006,NO,SI,accesorio
Color,6434,888392564955,000006,NO,SI,accesorio
Color,6435,888392564986,000007,NO,SI,accesorio
Color,6436,888392564979,000007,NO,SI,accesorio
Color,6439,888392552891,000003,NO,SI,accesorio
Color,6440,888392552907,000004,NO,SI,accesorio
Color,6441,888392575166,000005,NO,SI,accesorio
Color,6442,888392622716,000006,NO,SI,accesorio
Color,6443,888392622723,000007,NO,SI,accesorio
Color,6444,888392622730,000008,NO,SI,accesorio
Color,6445,888392622747,000009,NO,SI,accesorio
Color,6446,888392622754,000010,NO,SI,accesorio
Color,6447,888392623034,000011,NO,SI,accesorio
Color,6448,888392623041,000012,NO,SI,accesorio
Color,6451,888392565686,000003,NO,SI,accesorio
Color,6452,888392565693,000004,NO,SI,accesorio
Color,6453,888392565709,000005,NO,SI,accesorio
Color,6454,888392565716,000006,NO,SI,accesorio
Color,6457,888392661982,000003,NO,SI,accesorio
Color,6458,888392661999,000004,NO,SI,accesorio
Color,6459,888392662002,000005,NO,SI,accesorio
Color,6460,888392662019,000006,NO,SI,accesorio
Color,6461,888392662026,000007,NO,SI,accesorio
Color,6464,888392558527,000005,NO,SI,accesorio
Color,6465,888392558824,000006,NO,SI,accesorio
Color,6467,888392558794,000003,NO,SI,accesorio
Color,6468,888392558800,000004,NO,SI,accesorio
Color,6469,888392558817,000005,NO,SI,accesorio
Color,6472,888392555526,000003,NO,SI,accesorio
Color,6473,888392555540,000005,NO,SI,accesorio
Color,6476,888392663078,000003,NO,SI,accesorio
Color,6477,888392663092,000004,NO,SI,accesorio
Color,6478,888392663115,000005,NO,SI,accesorio
Color,6479,888392663139,000006,NO,SI,accesorio
Color,6480,888392663153,000007,NO,SI,accesorio
Color,6483,888392665416,000004,NO,SI,accesorio
Color,6484,888392665423,000005,NO,SI,accesorio
Color,6485,888392665706,000006,NO,SI,accesorio
Color,6486,888392665713,000007,NO,SI,accesorio
Color,6489,888392664846,000003,NO,SI,accesorio
Color,6490,888392664853,000004,NO,SI,accesorio
Color,6491,888392664860,000005,NO,SI,accesorio
Color,6492,888392664877,000006,NO,SI,accesorio
Color,6493,888392664884,000007,NO,SI,accesorio
Color,6494,888392664891,000008,NO,SI,accesorio
Color,6497,888392671295,000003,NO,SI,accesorio
Color,6498,888392671301,000004,NO,SI,accesorio
Color,6499,888392671318,000005,NO,SI,accesorio
Color,6500,888392671325,000006,NO,SI,accesorio
Color,6501,888392671332,000007,NO,SI,accesorio
Color,6502,888392671349,000008,NO,SI,accesorio
Color,6503,888392671356,000009,NO,SI,accesorio
Color,6504,888392671363,000010,NO,SI,accesorio
Color,6506,888392671394,000003,NO,SI,accesorio
Color,6507,888392671417,000005,NO,SI,accesorio
Color,6508,888392671424,000006,NO,SI,accesorio
Color,6509,888392671431,000007,NO,SI,accesorio
Color,6510,888392671448,000008,NO,SI,accesorio
Color,6511,888392671455,000009,NO,SI,accesorio
Color,6512,888392672018,000010,NO,SI,accesorio
Color,6513,888392672025,000011,NO,SI,accesorio
Color,6516,888392671486,000003,NO,SI,accesorio
Color,6517,888392671493,000004,NO,SI,accesorio
Color,6518,888392671516,000005,NO,SI,accesorio
Color,6519,888392671523,000006,NO,SI,accesorio
Color,6520,888392671530,000007,NO,SI,accesorio
Color,6521,888392671554,000008,NO,SI,accesorio
Color,6522,888392671561,000009,NO,SI,accesorio
Color,6523,888392671578,000010,NO,SI,accesorio
Color,6524,888392671585,000011,NO,SI,accesorio
Color,6527,888392691569,000003,NO,SI,accesorio
Color,6528,888392691583,000004,NO,SI,accesorio
Color,6529,888392691590,000005,NO,SI,accesorio
Color,6530,888392691606,000006,NO,SI,accesorio
Color,6531,888392691613,000007,NO,SI,accesorio
Color,6534,888392671622,000003,NO,SI,accesorio
Color,6535,888392671639,000004,NO,SI,accesorio
Color,6536,888392671646,000005,NO,SI,accesorio
Color,6537,888392671653,000006,NO,SI,accesorio
Color,6538,888392671660,000007,NO,SI,accesorio
Color,6539,888392671677,000008,NO,SI,accesorio
Color,6541,888392673336,000003,NO,SI,accesorio
Color,6542,888392673343,000004,NO,SI,accesorio
Color,6543,888392673350,000005,NO,SI,accesorio
Color,6544,888392673367,000006,NO,SI,accesorio
Color,6545,888392673398,000009,NO,SI,accesorio
Color,6547,888392673428,000003,NO,SI,accesorio
Color,6548,888392673435,000004,NO,SI,accesorio
Color,6549,888392673442,000005,NO,SI,accesorio
Color,6550,888392673459,000006,NO,SI,accesorio
Color,6551,888392673466,000007,NO,SI,accesorio
Color,6554,888392694515,000003,NO,SI,accesorio
Color,6555,888392694522,000004,NO,SI,accesorio
Color,6556,888392694539,000005,NO,SI,accesorio
Color,6557,888392694546,000006,NO,SI,accesorio
Color,6558,888392694553,000007,NO,SI,accesorio
Color,6559,888392694560,000008,NO,SI,accesorio
Color,6560,888392694577,000009,NO,SI,accesorio
Color,6561,888392694584,000010,NO,SI,accesorio
Color,6564,888392671783,000003,NO,SI,accesorio
Color,6565,888392671790,000004,NO,SI,accesorio
Color,6566,888392671806,000005,NO,SI,accesorio
Color,6567,888392671813,000006,NO,SI,accesorio
Color,6568,888392671820,000007,NO,SI,accesorio
Color,6569,888392671844,000008,NO,SI,accesorio
Color,6570,888392671851,000009,NO,SI,accesorio
Color,6571,888392671875,000011,NO,SI,accesorio
Color,6574,888392671912,000003,NO,SI,accesorio
Color,6575,888392671929,000004,NO,SI,accesorio
Color,6576,888392671936,000005,NO,SI,accesorio
Color,6577,888392671943,000006,NO,SI,accesorio
Color,6578,888392671950,000007,NO,SI,accesorio
Color,6579,888392671967,000008,NO,SI,accesorio
Color,6580,888392671974,000009,NO,SI,accesorio
Color,6581,888392671981,000010,NO,SI,accesorio
Color,6584,888392691644,000003,NO,SI,accesorio
Color,6585,888392691651,000004,NO,SI,accesorio
Color,6586,888392691668,000005,NO,SI,accesorio
Color,6587,888392691675,000006,NO,SI,accesorio
Color,6590,888392685063,000003,NO,SI,accesorio
Color,6591,888392685070,000004,NO,SI,accesorio
Color,6592,888392685087,000005,NO,SI,accesorio
Color,6593,888392685094,000006,NO,SI,accesorio
Color,6594,888392685100,000007,NO,SI,accesorio
Color,6595,888392685117,000008,NO,SI,accesorio
Color,6596,888392685124,000009,NO,SI,accesorio
Color,6597,888392685131,000010,NO,SI,accesorio
Color,6600,888392685162,000003,NO,SI,accesorio
Color,6601,888392685179,000004,NO,SI,accesorio
Color,6602,888392685186,000005,NO,SI,accesorio
Color,6603,888392685193,000006,NO,SI,accesorio
Color,6604,888392685209,000007,NO,SI,accesorio
Color,6605,888392685216,000008,NO,SI,accesorio
Color,6606,888392685223,000009,NO,SI,accesorio
Color,6607,888392685230,000010,NO,SI,accesorio
Color,6610,888392685438,000003,NO,SI,accesorio
Color,6611,888392685452,000004,NO,SI,accesorio
Color,6612,888392685476,000005,NO,SI,accesorio
Color,6613,888392685490,000006,NO,SI,accesorio
Color,6616,888392691415,000003,NO,SI,accesorio
Color,6617,888392691422,000004,NO,SI,accesorio
Color,6620,888392691453,000003,NO,SI,accesorio
Color,6621,888392691460,000004,NO,SI,accesorio
Color,6624,888392689658,000003,NO,SI,accesorio
Color,6625,888392689665,000004,NO,SI,accesorio
Color,6626,888392689672,000005,NO,SI,accesorio
Color,6627,888392689689,000006,NO,SI,accesorio
Color,6628,888392689696,000007,NO,SI,accesorio
Color,6631,888392689542,000003,NO,SI,accesorio
Color,6632,888392689597,000004,NO,SI,accesorio
Color,6633,888392689603,000005,NO,SI,accesorio
Color,6634,888392689610,000006,NO,SI,accesorio
Color,6635,888392689627,000007,NO,SI,accesorio
Color,6638,888392689344,000003,NO,SI,accesorio
Color,6639,888392689368,000004,NO,SI,accesorio
Color,6640,888392689382,000005,NO,SI,accesorio
Color,6641,888392689405,000006,NO,SI,accesorio
Color,6642,888392689429,000007,NO,SI,accesorio
Color,6643,888392689443,000008,NO,SI,accesorio
Color,6644,888392689467,000009,NO,SI,accesorio
Color,6647,888392691705,000003,NO,SI,accesorio
Color,6648,888392691712,000004,NO,SI,accesorio
Color,6649,888392691729,000005,NO,SI,accesorio
Color,6650,888392691736,000006,NO,SI,accesorio
Color,6651,888392691743,000007,NO,SI,accesorio
Color,6652,888392691750,000008,NO,SI,accesorio
Color,6655,888392691491,000003,NO,SI,accesorio
Color,6656,888392691507,000004,NO,SI,accesorio
Color,6657,888392691514,000005,NO,SI,accesorio
Color,6658,888392691521,000006,NO,SI,accesorio
Color,6659,888392691538,000007,NO,SI,accesorio
Color,6662,888392691781,000003,NO,SI,accesorio
Color,6663,888392691798,000004,NO,SI,accesorio
Color,6664,888392691804,000005,NO,SI,accesorio
Color,6665,888392691811,000006,NO,SI,accesorio
Color,6668,888392689726,000003,NO,SI,accesorio
Color,6669,888392689733,000004,NO,SI,accesorio
Color,6670,888392689740,000005,NO,SI,accesorio
Color,6671,888392689757,000006,NO,SI,accesorio
Color,6672,888392689764,000007,NO,SI,accesorio
Color,6673,888392689771,000008,NO,SI,accesorio
Color,6674,888392689788,000009,NO,SI,accesorio
Color,6677,888392689863,000003,NO,SI,accesorio
Color,6678,888392689870,000004,NO,SI,accesorio
Color,6679,888392689887,000005,NO,SI,accesorio
Color,6680,888392689931,000006,NO,SI,accesorio
Color,6681,888392689986,000007,NO,SI,accesorio
Color,6682,888392689993,000008,NO,SI,accesorio
Color,6683,888392690098,000009,NO,SI,accesorio
Color,6686,888392691842,000003,NO,SI,accesorio
Color,6687,888392691859,000004,NO,SI,accesorio
Color,6688,888392691866,000005,NO,SI,accesorio
Color,6689,888392691873,000006,NO,SI,accesorio
Color,6690,888392691880,000007,NO,SI,accesorio
Color,6691,888392691897,000008,NO,SI,accesorio
Color,6692,888392691903,000009,NO,SI,accesorio
Color,6695,888392690036,000003,NO,SI,accesorio
Color,6696,888392690043,000004,NO,SI,accesorio
Color,6697,888392690050,000005,NO,SI,accesorio
Color,6698,888392690067,000006,NO,SI,accesorio
Color,6699,888392690074,000007,NO,SI,accesorio
Color,6700,888392690081,000008,NO,SI,accesorio
Color,6701,888392691187,000009,NO,SI,accesorio
Color,6704,888392698735,000003,NO,SI,accesorio
Color,6705,888392698742,000004,NO,SI,accesorio
Color,6706,888392698759,000005,NO,SI,accesorio
Color,6707,888392698766,000006,NO,SI,accesorio
Color,6710,888392698797,000003,NO,SI,accesorio
Color,6711,888392698803,000004,NO,SI,accesorio
Color,6712,888392698810,000005,NO,SI,accesorio
Color,6713,888392698827,000006,NO,SI,accesorio
Color,6716,888392702463,000003,NO,SI,accesorio
Color,6717,888392702470,000004,NO,SI,accesorio
Color,6718,888392702487,000005,NO,SI,accesorio
Color,6719,888392702494,000006,NO,SI,accesorio
Color,6720,888392702500,000007,NO,SI,accesorio
Color,6721,888392702517,000008,NO,SI,accesorio
Color,6722,888392702524,000009,NO,SI,accesorio
Color,6725,888392703316,000003,NO,SI,accesorio
Color,6726,888392703323,000004,NO,SI,accesorio
Color,6727,888392703330,000005,NO,SI,accesorio
Color,6728,888392703347,000006,NO,SI,accesorio
Color,6729,888392703354,000007,NO,SI,accesorio
Color,6730,888392703361,000008,NO,SI,accesorio
Color,8199,827934460416,000003,NO,SI,accesorio
Color,8203,827934477674,000003,NO,SI,accesorio
Código del modelo,1860,8056597535250,0EA4115C,NO,SI,accesorio
Código del modelo,1861,8056597535274,0EA4115C,NO,SI,accesorio
Código del modelo,1862,8056597535281,0EA4115C,NO,SI,accesorio
Código del modelo,1882,8056262717141,0EA4152C,NO,SI,accesorio
Código del modelo,1883,8056262717127,0EA4152C,NO,SI,accesorio
Código del modelo,1884,8056262717134,0EA4152C,NO,SI,accesorio
Código del modelo,1893,8056597983051,0EA4160C,NO,SI,accesorio
Código del modelo,1894,8056597983075,0EA4160C,NO,SI,accesorio
Código del modelo,1895,8056597983129,0EA4160C,NO,SI,accesorio
Código del modelo,1911,8056262894385,0EA4189C,NO,SI,accesorio
Código del modelo,1912,8056262894392,0EA4189C,NO,SI,accesorio
Código del modelo,1913,8056266213465,0EA4189C,NO,SI,accesorio
Código del modelo,2072,8056262894606,0EA4254C,NO,SI,accesorio
Código del modelo,2073,8056262894590,0EA4254C,NO,SI,accesorio
Código del modelo,2091,8056266001918,0EA4258C,NO,SI,accesorio
Código del modelo,2092,8056266001925,0EA4258C,NO,SI,accesorio
Código del modelo,2093,8056266001932,0EA4258C,NO,SI,accesorio
Código del modelo,2094,8056266001949,0EA4258C,NO,SI,accesorio
Código del modelo,2206,8056262982051,0EA4279C,NO,SI,accesorio
Código del modelo,2207,8056262982044,0EA4279C,NO,SI,accesorio
Código del modelo,2208,8056262982075,0EA4279C,NO,SI,accesorio
Código del modelo,2209,8056262982068,0EA4279C,NO,SI,accesorio
Código del modelo,2398,8056262077085,0EK4001C,NO,SI,accesorio
Código del modelo,2399,8056262077092,0EK4001C,NO,SI,accesorio
Código del modelo,2400,8056262077108,0EK4001C,NO,SI,accesorio
Código del modelo,2401,8056262077122,0EK4001C,NO,SI,accesorio
Código del modelo,6752,827934438781,0OV1186C,NO,SI,accesorio
Código del modelo,6753,827934439818,0OV1186C,NO,SI,accesorio
Código del modelo,6754,827934526730,0OV1186C,NO,SI,accesorio
Código del modelo,6755,827934438804,0OV1186C,NO,SI,accesorio
Código del modelo,6756,827934439825,0OV1186C,NO,SI,accesorio
Código del modelo,6757,827934526747,0OV1186C,NO,SI,accesorio
Código del modelo,7052,827934482593,0OV5004C,NO,SI,accesorio
Código del modelo,7053,827934482647,0OV5004C,NO,SI,accesorio
Código del modelo,7054,827934482630,0OV5004C,NO,SI,accesorio
Código del modelo,7055,827934482623,0OV5004C,NO,SI,accesorio
Código del modelo,7096,827934482562,0OV5036C,NO,SI,accesorio
Código del modelo,7097,827934482555,0OV5036C,NO,SI,accesorio
Código del modelo,7098,827934482586,0OV5036C,NO,SI,accesorio
Código del modelo,7099,827934482579,0OV5036C,NO,SI,accesorio
Código del modelo,7135,827934453708,0OV5183CM,NO,SI,accesorio
Código del modelo,7136,827934453715,0OV5183CM,NO,SI,accesorio
Código del modelo,7137,827934453890,0OV5183CM,NO,SI,accesorio
Código del modelo,7138,827934453906,0OV5183CM,NO,SI,accesorio
Código del modelo,7139,827934453685,0OV5183CM,NO,SI,accesorio
Código del modelo,7140,827934453692,0OV5183CM,NO,SI,accesorio
Código del modelo,7186,827934466494,0OV5186CM,NO,SI,accesorio
Código del modelo,7187,827934466654,0OV5186CM,NO,SI,accesorio
Código del modelo,7188,827934466661,0OV5186CM,NO,SI,accesorio
Código del modelo,7189,827934466463,0OV5186CM,NO,SI,accesorio
Código del modelo,7190,827934466470,0OV5186CM,NO,SI,accesorio
Código del modelo,7191,827934466487,0OV5186CM,NO,SI,accesorio
Código del modelo,7565,827934479692,0OV5491C,NO,SI,accesorio
Código del modelo,7566,827934479708,0OV5491C,NO,SI,accesorio
Código del modelo,7607,827934482340,0OV5504C,NO,SI,accesorio
Código del modelo,7608,827934505438,0OV5504C,NO,SI,accesorio
Código del modelo,7609,827934482357,0OV5504C,NO,SI,accesorio
Código del modelo,7610,827934498310,0OV5504C,NO,SI,accesorio
Código del modelo,7611,827934505452,0OV5504C,NO,SI,accesorio
